{"v1": [0.07830520715336764, -0.5558416153780301, 1.086125525497587, -0.3447520765190132, 1.511714354327688e-11], "v2": [0.2518800425870946, -0.3522711990521806, 0.752893424046065, -0.41818301757840476, 0.17264758898200183]}