{"v1": [2.1080433855136755, 2.3564467839801786, 1.1178359990944748, 1.6502762970485388e-18, 0.7803036051118437], "v2": [0.5814124655813042, 0.7096491082963431, 0.8431828156193885, 0.6999912711970556, 0.13819503471548492]}